Top queries,Clicks,Impressions,CTR,Position
pipe bedding calculator,5,21,23.81%,9.95
coving calculator,3,12,25%,6.08
laminate flooring calculator,1,63,1.59%,76.41
skirting board calculator,1,55,1.82%,14.38
hardcore calculator,1,31,3.23%,10.87
hard core calculator,1,3,33.33%,5.33
pea gravel calculator,0,53,0%,66.77
flooring calculator,0,44,0%,82
sand calculator,0,39,0%,73.1
turf calculator,0,27,0%,79.19
mot type 1 calculator,0,26,0%,56.54
french drain gravel calculator,0,25,0%,51.76
tile grout calculator,0,25,0%,66.48
loft insulation calculator,0,25,0%,70.68
fence cost calculator,0,25,0%,86.64
mot calculator,0,21,0%,30.14
fence price calculator,0,21,0%,86.33
type 1 hardcore calculator,0,19,0%,77.89
how much type 1 mot do i need,0,19,0%,79.53
fence pricing calculator,0,19,0%,89.21
fencing cost calculator,0,19,0%,92.58
sub base calculator,0,18,0%,67
mortar calculator,0,18,0%,79.39
bark calculator,0,17,0%,59.94
tile grout coverage calculator,0,17,0%,68.35
laminate floor calculator,0,17,0%,77.47
fence post calculator,0,17,0%,86.47
grout calculator square feet,0,15,0%,68.8
garden turf calculator,0,15,0%,83.4
compost calculator,0,14,0%,77.14
how many patio slabs do i need,0,13,0%,71.92
patio slabs calculator,0,13,0%,72.31
mot type 1 sub base calculator,0,13,0%,73.69
how many slabs do i need,0,13,0%,83.15
how many boxes of flooring do i need calculator,0,13,0%,85.15
grass turf calculator,0,13,0%,92.38
render calculator,0,12,0%,44.33
ceiling paint calculator,0,12,0%,72.08
paving calculator,0,12,0%,75.08
pea gravel cost calculator,0,12,0%,76.17
fencing cost estimator,0,12,0%,90.92
slab layer calculator,0,11,0%,60.27
ceiling plasterboard calculator,0,11,0%,63.36
tile adhesive calculator,0,11,0%,70
patio cost calculator uk,0,11,0%,70.45
laminate calculator,0,11,0%,70.82
patio slab calculator,0,11,0%,76.64
flooring calculators,0,11,0%,76.82
patio area calculator,0,11,0%,77.36
fence calculator cost,0,11,0%,84.55
flooring estimate,0,11,0%,86.82
plasterboard ceiling calculator,0,10,0%,67.4
paving cal,0,10,0%,67.5
how many slabs will i need,0,10,0%,72.8
how much bark do i need,0,10,0%,78.7
tile calculator,0,10,0%,79.4
tiling cost calculator,0,10,0%,81.8
backer board calculator,0,9,0%,11.67
gyprock cost calculator,0,9,0%,47.78
how to work out how many slabs i need,0,9,0%,63.89
plasterboard calculator for ceiling,0,9,0%,72.56
paving slab calculator,0,9,0%,74.78
slab calculator uk,0,9,0%,76.22
patio calculator,0,9,0%,82.56
how much sub base do i need,0,9,0%,88.44
grass seed calculator uk,0,8,0%,69.5
how many packs of flooring do i need,0,8,0%,71.38
plasterboard calculator uk,0,8,0%,72.5
grout calculator,0,8,0%,73.25
patio calculator uk,0,8,0%,73.88
patio size calculator,0,8,0%,77.12
paver sand calculator,0,8,0%,78.25
tile backer board calculator,0,7,0%,7.57
self leveling concrete calculator,0,7,0%,59.14
how much underlay do i need,0,7,0%,69.86
grass seed calculator,0,7,0%,70
bark chipping calculator,0,7,0%,70.43
paving calculator uk,0,7,0%,74.43
insulation estimating software,0,7,0%,75.43
work out how many slabs i need,0,7,0%,79.57
lawn turf calculator,0,7,0%,82
block paving calculator uk,0,7,0%,82.86
deck cost estimator,0,7,0%,85.43
slabs calculator,0,7,0%,85.43
drainage calculator,0,7,0%,86
post and rail fencing cost calculator uk,0,7,0%,86.57
deck cost calculator,0,7,0%,88.86
topsoil calculator,0,7,0%,88.86
estimate deck,0,7,0%,89.29
skirting calculator,0,6,0%,40.83
cladding calculator,0,6,0%,43.67
type1 calculator,0,6,0%,52.5
gutter calculator price,0,6,0%,54.17
patio price calculator,0,6,0%,66.5
gravel calculator driveway,0,6,0%,72
paving slabs calculator,0,6,0%,72
paving cost calculator uk,0,6,0%,75
screed calculator,0,6,0%,76
sandbox sand calculator,0,6,0%,77.5
roof cost calculator,0,6,0%,82.33
how much tile adhesive do i need,0,6,0%,85.67
slab calculator,0,6,0%,89.83
how many rolls of loft insulation do i need,0,6,0%,91.67
roof batten calculator,0,5,0%,29
gutter material calculator,0,5,0%,54.2
type 1 mot calculator,0,5,0%,59
how many paving slabs do i need,0,5,0%,60
self-leveling concrete calculator,0,5,0%,68
how much to build a fence,0,5,0%,70.4
fence post depth calculator,0,5,0%,72.6
slate calculator guide,0,5,0%,74.8
paver calculator,0,5,0%,79
how many rolls of insulation do i need,0,5,0%,85.6
post and rail fencing calculator,0,5,0%,87.4
block paving calculator,0,5,0%,92.6
wallpaper calculator with repeat,0,5,0%,94.6
how much pea gravel do i need calculator,0,5,0%,95
fence estimate,0,5,0%,96.2
quote checklist,0,4,0%,4.75
gutter replacement calculator,0,4,0%,55.5
self level calculator,0,4,0%,61.25
concrete gutter replacement cost estimator uk,0,4,0%,67.25
type 1 calculator,0,4,0%,68
floor leveling calculator,0,4,0%,68.75
rain gutter price estimator,0,4,0%,69.75
gutter calculator,0,4,0%,71.5
mot stone calculator,0,4,0%,73
driveway gravel calculator,0,4,0%,73.5
fence cost calculator uk,0,4,0%,77.25
block paving price calculator,0,4,0%,77.5
paving calculator sand,0,4,0%,77.75
decking quote calculator,0,4,0%,78
how many packs of laminate do i need,0,4,0%,79
liquid screed calculator,0,4,0%,82
vinyl flooring estimate,0,4,0%,83
floor screed calculator,0,4,0%,85.75
how do i calculate how much fence i need,0,4,0%,88
slab calculator in feet,0,4,0%,90
how many rolls of wallpaper,0,4,0%,97
can you provide a cost comparison between wood,0,4,0%,98.25
skim coat calculator,0,3,0%,9
acoustic insulation calculator,0,3,0%,19.33
gutter price calculator,0,3,0%,20.33
felt calculator,0,3,0%,26.67
roof felt calculator,0,3,0%,31.67
french drain calculator,0,3,0%,39.67
cedral cladding calculator,0,3,0%,44.67
dpm formula,0,3,0%,50.33
self levelling concrete calculator,0,3,0%,52.33
soffit calculator,0,3,0%,54
self leveling compound calculator,0,3,0%,58.67
gutter replacement cost estimator,0,3,0%,59.67
decking cost estimator,0,3,0%,60.67
vinyl plank flooring layout calculator,0,3,0%,62.67
gutter fall calculator uk,0,3,0%,63.67
mot 1 sub base calculator,0,3,0%,65.33
primer calculator,0,3,0%,65.33
rain gutter cost calculator,0,3,0%,65.67
sharp sand calculator,0,3,0%,66.67
fencing cost calculator uk,0,3,0%,68.33
tole calculator,0,3,0%,69.67
render cost calculator,0,3,0%,70.33
self leveler calculator,0,3,0%,71
calculate laminate flooring,0,3,0%,74.67
roof batten spacing calculator,0,3,0%,75.67
pavers calculator,0,3,0%,76
paving sand calculator,0,3,0%,76.67
sand calculator for paving,0,3,0%,76.67
decking price calculator,0,3,0%,77
gravel calculator for driveway,0,3,0%,78.33
how much flooring do i need,0,3,0%,78.67
gravel driveway calculator,0,3,0%,79
screed calculator uk,0,3,0%,79
gutters estimate,0,3,0%,79.33
gravel driveway cost calculator,0,3,0%,79.67
slabbing calculator,0,3,0%,80.67
how to calculate grout,0,3,0%,81
floor leveler calculator,0,3,0%,82.33
how much mot type 1 do i need,0,3,0%,82.33
plaster calculator,0,3,0%,82.67
gutter length calculator,0,3,0%,83.67
plank flooring layout calculator,0,3,0%,84
how many rolls of loft insulation will i need,0,3,0%,85.33
plasterboard calculator,0,3,0%,85.33
shed base calculator,0,3,0%,86
concrete screed calculator,0,3,0%,86.67
insulation calculator,0,3,0%,87.33
artificial grass cost calculator,0,3,0%,87.67
patio sub base calculator,0,3,0%,89.33
how much mot 1 do i need,0,3,0%,90.67
paving block calculator,0,3,0%,97.33
dpm coverage per m2,0,2,0%,1
mot calculation,0,2,0%,10
architrave calculator,0,2,0%,10.5
mesh count calculator,0,2,0%,18
gyprock calculator,0,2,0%,44
mobile home skirting calculator,0,2,0%,47.5
ballast calculator,0,2,0%,48
plaster coverage,0,2,0%,48.5
tonnage calculator type 1,0,2,0%,53
levelling compound calculator,0,2,0%,55.5
timber decking cost,0,2,0%,57
shingle calculator,0,2,0%,57.5
how to measure gutter size for guards,0,2,0%,58
lean to cost calculator,0,2,0%,58.5
paint calculator ceiling,0,2,0%,58.5
wood stain calculator,0,2,0%,60
laminate flooring pack calculator,0,2,0%,61.5
decking costs calculator,0,2,0%,62
exterior house paint calculator,0,2,0%,63
leveler calculator,0,2,0%,63
calculate type 1,0,2,0%,63.5
gutter replacement cost estimator uk,0,2,0%,64
vinyl flooring calculator,0,2,0%,64.5
mulch depth,0,2,0%,65.5
floor leveling compound calculator,0,2,0%,66.5
screed calculator in tons,0,2,0%,67.5
grout estimator,0,2,0%,68.5
mulch calculator,0,2,0%,68.5
sand calculator bags,0,2,0%,69
calculator for roof shingles,0,2,0%,70
floor screed cost calculator,0,2,0%,70
bead calculator,0,2,0%,70.5
self leveling calculator,0,2,0%,71
vinyl plank calculator,0,2,0%,71
tile calculator cost,0,2,0%,71.5
block paving sand calculator,0,2,0%,72
concrete cost estimator,0,2,0%,72.5
block calculator,0,2,0%,73
how many slabs,0,2,0%,73.5
calculate laminate flooring cost,0,2,0%,74.5
calculate laminate flooring needed,0,2,0%,74.5
flat roof felt calculator,0,2,0%,74.5
laminate flooring installation calculator,0,2,0%,74.5
laminate flooring estimate calculator,0,2,0%,75
vinyl plank flooring cost calculator,0,2,0%,75
volume calculator for sand,0,2,0%,75.5
fence panel calculator,0,2,0%,76
laminate flooring estimator,0,2,0%,76
turf roll calculator,0,2,0%,76
estimate flooring cost calculator,0,2,0%,76.5
estimating laminate flooring,0,2,0%,76.5
laminate floor estimate,0,2,0%,77
patio costs calculator,0,2,0%,77.5
sand volume calculation,0,2,0%,77.5
tiling calculator cost,0,2,0%,77.5
cost of laminate flooring calculator,0,2,0%,78
calculate sub base,0,2,0%,78.5
loft insulation cost calculator uk,0,2,0%,80
patio sand calculator,0,2,0%,80
block calculations,0,2,0%,81
calculate paint cost,0,2,0%,81
how much vinyl flooring do i need,0,2,0%,81
sand volume calculator,0,2,0%,81
depth of mulch,0,2,0%,81.5
seamless gutter price calculator,0,2,0%,81.5
wall paint calculator,0,2,0%,81.5
hardwood floor calculator,0,2,0%,82
brick calculator,0,2,0%,82.5
composite cladding calculator,0,2,0%,82.5
fence cost estimator,0,2,0%,82.5
laminate floor calculator for layout,0,2,0%,82.5
how much mortar will i need,0,2,0%,83
laminate flooring calculator uk,0,2,0%,83
ready mix screed calculator,0,2,0%,83.5
calculate grout,0,2,0%,84.5
calculate artificial grass,0,2,0%,86
gutter estimates,0,2,0%,86
how much lining paper do i need,0,2,0%,86
mot calculator uk,0,2,0%,86.5
type one aggregate calculator,0,2,0%,86.5
mortar calculations,0,2,0%,87
sand and cement calculator for patio,0,2,0%,87.5
fence slat calculator,0,2,0%,88.5
concrete footings calculator uk,0,2,0%,89.5
concrete foundations calculator,0,2,0%,89.5
calculate mortar,0,2,0%,90
wallpaper calculator with repeat uk,0,2,0%,91.5
how many rolls of wallpaper do i need,0,2,0%,97.5
cladding sheet calculator,0,1,0%,2
underlay calculator,0,1,0%,3
calculator mot,0,1,0%,5
how to estimate skim coat,0,1,0%,6
ballast calculation,0,1,0%,7
dpm cost per m2,0,1,0%,7
cost of underlay per m2,0,1,0%,8
mot cal,0,1,0%,9
weed barrier calculator,0,1,0%,10
down pipe calculator,0,1,0%,11
landscape edging calculator,0,1,0%,12
density of mot type 1,0,1,0%,14
mot typ1 calculator,0,1,0%,15
dpm cost,0,1,0%,18
rendered substrate,0,1,0%,19
exterior paint quote calculator,0,1,0%,22
calculate dpm,0,1,0%,23
compacted mot type 1 calculator,0,1,0%,26
cladco calculator,0,1,0%,27
dpm calculation,0,1,0%,29
self leveling coverage calculator,0,1,0%,29
beading calculator,0,1,0%,31
cladding cost calculator,0,1,0%,32
how many packs of flooring do i need calculator,0,1,0%,34
underpinning calculator,0,1,0%,34
deck screw calculator,0,1,0%,35
how to calculate how much insulation you need for a loft,0,1,0%,36
mot1 calculator,0,1,0%,36
plasterboard coverage,0,1,0%,36
decking screw calculator,0,1,0%,37
loft insulation reading,0,1,0%,38
foundation concrete calculator,0,1,0%,39
paving slab calculator design,0,1,0%,39
dpm calculator,0,1,0%,40
kerb laying rates,0,1,0%,40
plasterboard room calculator,0,1,0%,40
sound insulation calculator,0,1,0%,40
calculating blocks,0,1,0%,41
sub-base calculator,0,1,0%,41
floor tile adhesive calculator,0,1,0%,42
concrete measurement london,0,1,0%,43
cladding cost calculator uk,0,1,0%,44
house cladding cost calculator,0,1,0%,46
insulation estimating,0,1,0%,46
mot 1 calculator,0,1,0%,47
shed roof felt calculator,0,1,0%,47
vinyl plank flooring calculator,0,1,0%,47
self leveling underlayment calculator,0,1,0%,48
calculate mot,0,1,0%,49
mot1 sub base calculator,0,1,0%,49
render coverage calculator,0,1,0%,49
paint calculator exterior house,0,1,0%,50
how to measure coving size,0,1,0%,51
joinery estimation,0,1,0%,51
bedding calculator,0,1,0%,52
estimate shingles calculator,0,1,0%,52
overlap on roofing felt,0,1,0%,52
roofing shingles calculator,0,1,0%,52
subbase calculator,0,1,0%,52
type 1 sub base calculator,0,1,0%,54
gutter installation calculator,0,1,0%,55
concrete estimating,0,1,0%,56
self levelling calculator,0,1,0%,56
how deep to lay mulch,0,1,0%,57
leveling compound calculator,0,1,0%,58
mot sub base calculator,0,1,0%,58
bark chippings calculator,0,1,0%,59
self leveling screed coverage calculator,0,1,0%,59
subfloor adhesive calculator,0,1,0%,59
underlayment calculator,0,1,0%,59
roofing felt calculator,0,1,0%,61
self levelling compound calculator,0,1,0%,61
joist calculator deck,0,1,0%,62
volume calculator sand,0,1,0%,63
how many insulation boards do i need calculator,0,1,0%,64
how to calculate dpm,0,1,0%,65
stucco calculator,0,1,0%,65
cost for laminate flooring calculator,0,1,0%,66
loft leg calculator,0,1,0%,66
millboard decking price calculator,0,1,0%,66
plaster board calculator,0,1,0%,66
slate gauge calculator,0,1,0%,66
gutter installation cost calculator,0,1,0%,67
how much mot1 do i need,0,1,0%,67
laminate flooring cost calculator,0,1,0%,67
loft insulation cost calculator,0,1,0%,67
tile adhesive calculator uk,0,1,0%,67
concrete footing cost calculator,0,1,0%,68
deck joist calculator,0,1,0%,68
estimate laminate flooring,0,1,0%,68
how many plasterboards do i need,0,1,0%,68
self leveling cement calculator,0,1,0%,68
self-leveling calculator,0,1,0%,68
volume of sand calculator,0,1,0%,68
3d render calculator,0,1,0%,69
cost calculator for flooring,0,1,0%,69
how much underlayment do i need,0,1,0%,69
how to price a fence,0,1,0%,69
laminate flooring cost calculator uk,0,1,0%,69
patio pavers calculator,0,1,0%,69
sand calculator for pavers,0,1,0%,69
sand for pavers calculator,0,1,0%,69
sharp sand screed calculator,0,1,0%,69
type 1 m3 to tonnes calculator,0,1,0%,69
work out how much decking i need,0,1,0%,69
grout calculator for tile,0,1,0%,70
hardwood flooring cost calculator,0,1,0%,70
how many pack of laminate do i need,0,1,0%,70
labor painting,0,1,0%,70
mot type 1 calculator uk,0,1,0%,70
tiles adhesive calculator,0,1,0%,70
volume of sand,0,1,0%,70
calculate paving slabs,0,1,0%,71
cost of hardwood floors calculator,0,1,0%,71
laminate floor estimate calculator,0,1,0%,71
mot type 1 coverage calculator,0,1,0%,71
calculate how much laminate flooring i need,0,1,0%,72
calculate sand for pavers,0,1,0%,72
floor level calculator,0,1,0%,72
gypsum plaster calculator,0,1,0%,72
laminate flooring cost estimator,0,1,0%,72
tiling adhesive calculator,0,1,0%,72
wooden floor cost calculator,0,1,0%,72
building sand calculator,0,1,0%,73
concrete calculator ballast,0,1,0%,73
concrete calculator price,0,1,0%,73
deck joist size calculator,0,1,0%,73
flooring calculator laminate,0,1,0%,73
footings depth calculator,0,1,0%,73
laminate flooring calculator cost,0,1,0%,73
laminate flooring costs calculator,0,1,0%,73
levelling calculator,0,1,0%,73
rendering cost calculator uk,0,1,0%,73
sand weight by volume,0,1,0%,73
shed builder calculator,0,1,0%,73
aluminum soffit calculator,0,1,0%,74
paving direct calculator,0,1,0%,74
self level concrete calculator,0,1,0%,74
chipboard flooring calculator,0,1,0%,75
cost of building a fence,0,1,0%,75
flooring installation cost calculator,0,1,0%,75
grout coverage calculator,0,1,0%,75
how much laminate flooring do i need calculator,0,1,0%,75
how to work out how much flooring i need,0,1,0%,75
insulation estimator,0,1,0%,75
paint calculator for ceiling,0,1,0%,75
reinforcement calculator,0,1,0%,75
sharp sand and cement calculator,0,1,0%,75
tile glue calculator,0,1,0%,75
calculate driveway gravel,0,1,0%,76
calculate sand for sandbox,0,1,0%,76
calculate sand volume,0,1,0%,76
calculating gravel for driveway,0,1,0%,76
cement screed calculator,0,1,0%,76
flooring calculator cost,0,1,0%,76
flooring cost calculator,0,1,0%,76
laminate flooring layout calculator,0,1,0%,76
lawn seed calculator,0,1,0%,76
paint cost calculator,0,1,0%,76
patio cost calculator,0,1,0%,76
patio paving calculator,0,1,0%,76
roof tile spacing calculator,0,1,0%,76
roofing batten calculator,0,1,0%,76
tiles cost calculator,0,1,0%,76
calculating sand volume,0,1,0%,77
compost calculator uk,0,1,0%,77
flooring cost estimator,0,1,0%,77
gutter size calculator uk,0,1,0%,77
how much flooring,0,1,0%,77
how much mortar do i need,0,1,0%,77
how much vinyl plank flooring do i need,0,1,0%,77
labor costs for painting,0,1,0%,77
laminate floor layout calculator,0,1,0%,77
lvp flooring cost calculator,0,1,0%,77
mesh calculation,0,1,0%,77
mortar estimate,0,1,0%,77
paint calculators,0,1,0%,77
screed calculator bags,0,1,0%,77
shed building calculator,0,1,0%,77
tile adhesive thickness calculator,0,1,0%,77
tile flooring estimate,0,1,0%,77
1 tonnage,0,1,0%,78
calculate flooring cost,0,1,0%,78
calculate tile cost,0,1,0%,78
calculator for insulation,0,1,0%,78
cladding calculator uk,0,1,0%,78
decking joists calculator,0,1,0%,78
dino decking calculator,0,1,0%,78
how much plasterboard do i need,0,1,0%,78
how much sand do i need,0,1,0%,78
how much tile adhesive do i need per square meter,0,1,0%,78
luxury vinyl plank flooring cost calculator,0,1,0%,78
patio calculator sand,0,1,0%,78
paving slab calculator uk,0,1,0%,78
shed cost calculator,0,1,0%,78
tile cost calculator,0,1,0%,78
aggregate calculator type 1,0,1,0%,79
composite decking cost calculator uk,0,1,0%,79
cost of flooring calculator,0,1,0%,79
flagging calculator,0,1,0%,79
gutter and downspout calculator,0,1,0%,79
paving bed calculator,0,1,0%,79
roof costs calculator,0,1,0%,79
roofing costs calculator,0,1,0%,79
sand box sand calculator,0,1,0%,79
sand calculator for patio,0,1,0%,79
cost to build a fence,0,1,0%,80
damp proofing cost calculator,0,1,0%,80
decking pricing calculator,0,1,0%,80
estimate flooring cost,0,1,0%,80
lvp calculator,0,1,0%,80
paint calculator,0,1,0%,80
patio calculator cost,0,1,0%,80
paver sand estimator,0,1,0%,80
plaster calculator uk,0,1,0%,80
sand bag calculator,0,1,0%,80
screed mix calculator,0,1,0%,80
sidewalk cost calculator,0,1,0%,80
calculate vinyl flooring cost,0,1,0%,81
concrete blocks calculator,0,1,0%,81
concrete leveler calculator,0,1,0%,81
footings calculator,0,1,0%,81
how to calculate screed quantity,0,1,0%,81
laminate wood flooring calculator,0,1,0%,81
material calculator for shed,0,1,0%,81
patio materials calculator,0,1,0%,81
tile cost estimator,0,1,0%,81
type 1 aggregate calculator,0,1,0%,81
cost calculator for roofing,0,1,0%,82
estimating flooring costs,0,1,0%,82
flooring cost calculator australia,0,1,0%,82
how many paving slabs will i need,0,1,0%,82
how much ballast do i need,0,1,0%,82
how much self leveling compound do i need,0,1,0%,82
how much tile adhesive,0,1,0%,82
liquid screed cost calculator,0,1,0%,82
patio material calculator,0,1,0%,82
sand material calculator,0,1,0%,82
tile installation cost calculator,0,1,0%,82
vinyl flooring cost calculator,0,1,0%,82
vinyl flooring price calculator,0,1,0%,82
vinyl plank flooring installation cost calculator,0,1,0%,82
calculate wood flooring,0,1,0%,83
decking timber calculator,0,1,0%,83
drainage calculator uk,0,1,0%,83
estimate fence cost,0,1,0%,83
fencing costs calculator,0,1,0%,83
gutter size calculator,0,1,0%,83
how much does it cost to install skirting boards,0,1,0%,83
how much sub base do i need calculator,0,1,0%,83
how much tile adhesive per m2,0,1,0%,83
paving calculator m2,0,1,0%,83
precast concrete cost estimator,0,1,0%,83
roof price calculator,0,1,0%,83
sand and cement render calculator,0,1,0%,83
soffit and fascia cost calculator,0,1,0%,83
vinyl flooring cost estimator,0,1,0%,83
wooden flooring calculator,0,1,0%,83
brick cal,0,1,0%,84
calculate paver sand,0,1,0%,84
calculating flooring,0,1,0%,84
concrete ready mix calculator,0,1,0%,84
drainage pipe size calculator,0,1,0%,84
estimate on laminate flooring calculator,0,1,0%,84
flloring caluclator,0,1,0%,84
how much mot do i need,0,1,0%,84
how much self leveler do i need,0,1,0%,84
sand calculation,0,1,0%,84
soffit calculator square feet,0,1,0%,84
sub base calculator for patio,0,1,0%,84
trench drain sizing calculator,0,1,0%,84
turf price calculator,0,1,0%,84
wood floor calculator,0,1,0%,84
wooden floor calculator,0,1,0%,84
build fence cost,0,1,0%,85
calculate roofing cost,0,1,0%,85
calculating sand,0,1,0%,85
calculator sand,0,1,0%,85
concrete slab calculator cost,0,1,0%,85
cost estimate for deck,0,1,0%,85
deck wood calculator,0,1,0%,85
floor tiling cost calculator,0,1,0%,85
loft board calculator,0,1,0%,85
plaster cost calculator,0,1,0%,85
post and rail calculator,0,1,0%,85
roof calculator cost,0,1,0%,85
roofing cost calculator,0,1,0%,85
sand calculator for block paving,0,1,0%,85
tile adhesive coverage per kg,0,1,0%,85
wood flooring calculator,0,1,0%,85
block laying calculator,0,1,0%,86
blocks calculator,0,1,0%,86
calculate fencing cost,0,1,0%,86
calculating grout for tiles,0,1,0%,86
concrete sealer calculator,0,1,0%,86
flooring cost estimate,0,1,0%,86
flooring estimate cost,0,1,0%,86
flooring price estimator,0,1,0%,86
gravel road calculator,0,1,0%,86
how much concrete for footings,0,1,0%,86
how much gravel do i need for a french drain,0,1,0%,86
mot type 1 how much do i need,0,1,0%,86
panel fence calculator,0,1,0%,86
timber fence cost calculator,0,1,0%,86
calculate fence cost,0,1,0%,87
concrete footers calculator,0,1,0%,87
concrete footings calculator,0,1,0%,87
decking boards calculator,0,1,0%,87
estimate cost of flooring,0,1,0%,87
estimate for flooring,0,1,0%,87
floor estimate,0,1,0%,87
foundation calculator concrete,0,1,0%,87
how to estimate tile adhesive,0,1,0%,87
how to price flooring,0,1,0%,87
labour costs for fencing,0,1,0%,87
plastering cost calculator,0,1,0%,87
roofing calculator cost,0,1,0%,87
screed floor calculator,0,1,0%,87
tile flooring cost calculator,0,1,0%,87
calculate blocks,0,1,0%,88
calculate roofing costs,0,1,0%,88
calculating roofing cost,0,1,0%,88
cost of a fence calculator,0,1,0%,88
deck building estimates,0,1,0%,88
estimate cost of fence,0,1,0%,88
hardwood flooring calculator,0,1,0%,88
how much ceiling paint do i need,0,1,0%,88
how much wallpaper do i need pattern repeat,0,1,0%,88
rebar calculator,0,1,0%,88
calculate paint,0,1,0%,89
cost of fence calculator,0,1,0%,89
fence costs calculator,0,1,0%,89
how many rolls of insulation for a loft,0,1,0%,89
average cost to build a fence,0,1,0%,90
concrete calculator,0,1,0%,90
deck materials calculator,0,1,0%,90
fence estimate calculator,0,1,0%,90
fence estimate cost,0,1,0%,90
fence price estimator,0,1,0%,90
how much mot type 1,0,1,0%,90
fence installation estimate calculator,0,1,0%,91
post and rail fence calculator,0,1,0%,91
calculate gravel for french drain,0,1,0%,92
deck calculator,0,1,0%,92
screed volume calculator,0,1,0%,92
concrete calculator port talbot,0,1,0%,93
how to calculate soffit,0,1,0%,93
wallpaper calculator repeat,0,1,0%,93
block size calculator,0,1,0%,94
calculate how much pea gravel i need,0,1,0%,94
concrete footer calculator,0,1,0%,94
grout estimate,0,1,0%,94
how much gravel for a french drain,0,1,0%,94
how much gravel for french drain,0,1,0%,94
patio quote calculator,0,1,0%,94
how many drops of wallpaper per roll,0,1,0%,95
how much does it cost to build a compound,0,1,0%,95
wooden fence cost estimator,0,1,0%,95
calculate ceiling paint,0,1,0%,96
calculate pea gravel,0,1,0%,96
concrete footing calculator uk,0,1,0%,96
how much sharp sand do i need for block paving,0,1,0%,96
paving mortar calculator,0,1,0%,96
roofing costs estimator,0,1,0%,96
grout coverage chart,0,1,0%,97
turf area calculator,0,1,0%,97
block paver calculator,0,1,0%,98
how much gravel do i need for my driveway,0,1,0%,98
how much gravel will i need for my driveway,0,1,0%,98
mesh calculation formula,0,1,0%,98
cost of building fence,0,1,0%,99
fencing estimate,0,1,0%,99
how many rolls of wallpaper will i need,0,1,0%,99
calculate how many rolls of wallpaper,0,1,0%,100
concrete slab calculator,0,1,0%,100
concrete slab estimator,0,1,0%,100